{"cameraMode":{"drawMode":0,"name":"Shaded","section":"Shading Mode"},"sceneLighting":false,"audioPlay":false,"sceneViewState":{"showFog":true,"showMaterialUpdate":false,"showSkybox":false,"showFlares":true,"showImageEffects":true,"showParticleSystems":true},"in2DMode":false,"pivot":{"x":430.50286865234377,"y":341.3436279296875,"z":182.9447784423828},"rotation":{"x":-0.23910483717918397,"y":0.5363325476646423,"z":-0.16169095039367677,"w":-0.7931159734725952},"size":552.2561645507813,"orthographic":false}