{"cameraMode":{"drawMode":0,"name":"Shaded","section":"Shading Mode"},"sceneLighting":false,"audioPlay":false,"sceneViewState":{"showFog":true,"showMaterialUpdate":false,"showSkybox":false,"showFlares":true,"showImageEffects":true,"showParticleSystems":true},"in2DMode":false,"pivot":{"x":258.10528564453127,"y":184.116943359375,"z":-144.2852783203125},"rotation":{"x":-0.241374209523201,"y":0.6860280632972717,"z":-0.26081839203834536,"w":-0.634884238243103},"size":268.51312255859377,"orthographic":false}