{"cameraMode":{"drawMode":0,"name":"Shaded","section":"Shading Mode"},"sceneLighting":false,"audioPlay":false,"sceneViewState":{"showFog":true,"showMaterialUpdate":false,"showSkybox":false,"showFlares":true,"showImageEffects":true,"showParticleSystems":true},"in2DMode":false,"pivot":{"x":0.040995121002197269,"y":-0.048948854207992557,"z":0.0385991632938385},"rotation":{"x":0.3629840910434723,"y":0.6245142817497253,"z":-0.403737336397171,"w":0.5614728331565857},"size":1.5298269987106324,"orthographic":false}